-0.500754276015083;-0.499883699489095;0.985600436620198;-1.93036067547272;-0.92777231402601;1.1089525408126;-0.536129642661899;-0.319862839058202;1.37227514121108;-0.800123236770108;0.200298996831877;-2.16586609693773;0.00464665367814575;0.265593840169454;-0.790633555721204;-0.281093734387816;-0.810854440377489;-1.22538354348385;-0.870598272022034;0.486002634570112;0.117160445282088;1.54558059470528;0.604147829109386;-0.0411364477457706;0.575634016679433;0.979143265863917;-0.453871907143911;1.11991345646124;0.314937865829672;1.52277067101936;-0.222193548908721;-1.04256100447978;1.27288479227732;-0.636320746607965;0.188685488422172;-0.568479487916823;0.625420908700291;-0.230256594184132;-0.0309643076732461;1.08261856228816;0.211811204289577;0.560825897041721;0.356166009361269;-1.79753283049048;0.95456780681433;1.20010704821825;-0.888597039609809;0.622954567584031;1.09344215631898;-0.170793748652104;0.653898753882388;0.235599055846188;-1.15645885569527;-1.79338388633353;2.14549634871016;-0.850289869203938;-0.76823507194127;-1.03702696426074;-0.946771742575155;-1.50804682300944;-0.735244809677051;1.48068400065077;-0.287265783666002;1.78915928660743;1.25654359792354;-0.160742976372722;0.0651899214117163;-1.08697047064142;1.49952231085585;-1.67019214798061;1.24441728514514
0.772698327016114;-1.51838612220254;-0.834124512847071;-0.286231550721235;1.91762678226133;1.52434198924234;-0.529672910102952;-0.164916695245254;-1.20512596841377;-0.90152061348562;-1.14602066840707;-0.542448184238012;-0.636020795644528;-0.996342695043757;0.791418223711949;0.373826009148274;-0.367555520903592;-0.637774028487117;1.35302326779068;0.988557428179264;0.221702161182674;0.443509378920137;-1.1622426091495;-0.269493417313675;0.289995405561712;0.30474781900784;-0.472913542565987;-0.0767335917077351;0.236891104775675;-2.37974891111967;-1.24502456053899;-0.563457062364377;-0.912428726106644;-0.446588024718841;0.212294394455845;1.16404887697535;0.393018982121249;0.107066975818169;0.586341717187232;-1.48325840504168;-0.275910716267658;0.463702769906935;1.20694612928514;-1.53750929727363;2.15604211525721;-1.49584830248883;1.79265283599495;1.71331609564015;2.1022852962815;-0.182611753133981;0.101173934884181;-0.513661783347687;-1.15395490465567;0.652846798819496;-0.594573296041654;-0.941038806755868;1.62223511617799;0.32962976885866;0.544721189927058;1.0432102834962;0.081071103381512;0.379617865916632;-0.203558010228734;0.975984593066659;-0.238732153989336;0.251419688343803;-1.32322239846387;0.216740430943957;1.45995534775387;-1.61969308827728;0.0836834200020839
2.12792765579203;-0.00965381269264901;-0.545938970160009;-1.34611478058544;-0.688374532066535;-0.441015735551877;0.0601700674513663;0.530459307481272;0.20211951166511;1.20017808815946;0.72228223152906;0.599251263404057;-0.394472832295718;0.493756867046413;-1.3959228679069;-3.17069598426532;-0.432199127259004;0.449159380251299;0.949711172682956;0.266634257439564;1.48883725842601;0.975696044354118;-0.600423052268074;-0.802419842118978;-0.775003955636198;-1.63844783895817;1.82502489427457;0.472492963841362;-0.471252060221388;0.775323709584239;-0.626245157101071;-1.11453171921229;0.221965526110007;0.392838602371994;1.38449486889136;-0.23976347356376;0.72337344557888;1.68583612419688;-0.317249135997955;-0.424546737646236;-0.382535055906233;-0.44684300181173;1.29369667844817;0.661393900190295;-0.498950009833282;1.36928296738072;-0.650202288852831;0.843783454860589;0.984660357909904;1.23497231116739;0.989245156521101;1.00578149283374;-0.273941126293177;-1.52368187600162;-1.14010467778673;0.139424855195052;0.807335943227905;-1.90563053689404;-1.41904985407467;-0.592234631519757;0.16019069507544;1.1748697624416;-1.29031402463043;-0.507790946011053;0.447555847849401;-0.404662968637777;0.70847497297296;-0.732341360460712;0.0488934707054634;-0.760959321906261;-1.45358181118387
1.29565954882818;-0.340042741604957;0.782374977938313;-0.269644653763534;-2.28223764789394;-1.74622817265582;0.566444358730231;0.535967897197689;0.391549219692903;-0.953281433370905;-0.215246962064015;-1.87430631269128;0.435348856312052;-0.0594568710841005;-0.309633454193817;-0.34015765106466;-0.25281776325728;1.97237473928887;-0.719750237909772;1.32998931085333;-0.520243381086706;-1.69261126816033;0.268130118328035;0.249514752849582;-0.331623924929479;0.343021733849563;0.230370650719266;0.650409417915013;0.436901593476671;-0.124418301496663;1.67568062627315;0.924648458152657;0.256166548524545;-1.23899329162894;-0.356434817112756;0.787369291818744;0.376528056848293;0.532003111740809;0.307862418513896;-2.18944323086948;-0.157357342867149;0.617958552749372;-2.4733403285122;-0.249902570890062;-1.02588494105922;-0.115068866928036;1.70684114768643;-1.40717638152629;-0.461560367242333;0.840371488149555;-0.383285508695769;0.312924012112379;0.243152704071905;1.0541800869203;0.859121794075506;0.907274629800132;-1.39775251340151;1.58290477995341;-0.57461694078576;-1.04067069030839;1.21633558388427;0.935488625318049;0.213823429657626;-0.36203413842657;2.08164378112341;0.844497143021998;-0.197037120161688;0.232480771886865;0.00714473219031183;-0.891457906036917;-1.45074121677299
1.72173105057094;-1.74487406196997;0.822400605719254;-1.06671054555564;-1.89229926925323;-0.00224159426630978;-0.890272306074955;-1.00157516040914;-0.539595742331587;-0.050980249659404;1.12309696275058;1.03634721846009;0.979833004110667;0.145590763076342;-1.99117070381921;-1.03588177349225;-0.369676149192964;0.567899331644739;-2.32585596564338;0.240163404325141;1.51209867771142;-0.301604926839918;2.27378146625198;2.13046569495611;0.508780737830813;0.548919090695163;1.60556840716682;-0.458671409920896;0.497668636090067;-0.326398748655226;1.78572554481892;0.241103864570861;1.28465832181962;0.562553197708791;0.52172327249408;-0.242971843852674;1.36835679236677;0.311410319346212;-1.37906137847479;0.0736667979448494;-0.553541909064288;-1.81449735843588;0.312207561528766;0.570588127486085;-0.232880443582969;0.520722993453469;-1.63727647678461;0.593778996708068;0.153424317840266;-0.852106945236767;0.269887767169512;-1.34981962366337;-0.294946831221118;0.48812111727611;-0.524546436946312;0.144591537016947;-0.179637898390949;0.396017948750816;-0.285406272129562;-1.30072424786974;0.127435028612774;-0.469245211747833;0.585183598333232;-0.726730389233353;0.0686442610511282;-0.132590131108476;0.326904936245502;-0.969035677906476;-1.15622748593609;0.345833113043983;1.33217070172245
0.284174488982218;0.668038693062752;-3.2031091998761;0.91969093750661;-0.185084703134313;-0.079829836968956;0.0849036578280241;0.332852276808429;-0.106391346555592;1.9939031674237;0.116874992509829;0.00803975619421809;-2.4125564963417;-0.329608023996046;2.24096998781506;1.35690470989219;-1.27284471574985;-1.00773325704076;1.12156470433752;0.510031321181729;-0.373718028593382;1.04176502634252;-0.00584485224247271;-0.252959483026719;-1.18988773580295;0.81951821639442;0.219074335394511;-0.710029303877331;-0.51167049667631;1.44368072158365;0.362140720391452;0.444310446542347;-0.643066944313065;0.472464892881643;-0.408608282997618;-0.42092756788633;0.683245582220744;-0.826179225518049;-0.495970552996095;0.383937246254684;1.1090006508434;0.762828003565047;-1.1130392256856;0.508690324600423;-1.62655620647412;-0.759994765766097;0.182570443074359;0.261524832247005;0.767403757635853;0.499195062131043;-0.350402792186916;1.87415586394275;0.581560051143778;-0.964554604920486;-1.14588471067606;-0.960625078037517;1.2586925529965;1.65033041103948;0.645670646639312;-1.31033496917737;-0.410287960296549;-0.0625742108255455;1.14350731762281;0.28399199345039;-0.798745402966979;-1.95340769193804;0.854261715560471;-0.372470214776265;-0.90284640728984;-0.608244834780462;-0.115480378649393
0.984139300879639;-0.766821240905099;-1.44238198177444;-0.0803531996899339;-0.115349376899556;-0.471824624905255;-0.976436202423737;0.729794911421376;-0.962324842996954;0.904617108399753;-1.43295034621325;0.617049879432681;0.967060485605832;-0.679806474226839;0.153529471433642;-0.104867197688988;-1.29420753871787;-2.51642672091214;-1.15949689266721;0.55746774562404;-1.76752210689429;-1.00101502961079;2.38219373121963;-0.626597929906932;2.58674726540908;1.50464684254733;0.622634430165219;-1.19868162938504;0.757008925323787;-1.04179434344844;0.178264333567002;2.21631506073296;-1.07151855725114;-0.578519310653259;-0.443911380233128;-0.259981956738232;0.8864356736468;0.096050626896958;-0.0364523750847164;0.0488485491179906;-0.462913317046175;-0.836307865579258;-1.02005936519874;-0.784843928696322;1.11273729883162;1.64415106833636;1.27468256188247;-1.04761458552465;0.57325554085151;1.86115432098369;0.796977646655439;0.401936194043682;0.468825191822546;-0.295468165024878;-0.573641418552315;-1.39006476914736;-0.115252832052353;0.412656257931376;0.652022630701237;-0.689215745299701;0.0155546121791686;-0.201436471014342;-0.58822898365541;0.528172563195148;0.395144568379682;0.668233024846307;0.227469829073026;0.730074361825768;0.651428707268587;0.115198488948286;-0.688190503160888
1.06059001733244;1.08795445083315;-0.697040558623547;0.43338855993599;1.1235793746527;2.38417157156708;-0.65313578838921;0.498760123588827;-1.07507677254892;-0.815592944095223;0.357796773637113;-0.924918430504498;-0.545792633941961;-1.56013232045188;0.189362962927868;1.30199702170023;1.65014620351355;-0.0511430492545519;0.832636588612745;1.23894286294104;1.87785963005697;0.606152234016297;-1.20190198158618;-0.259155614104303;-0.812349727318731;0.651354680463731;0.592275582603077;-1.68651636500625;1.70144987343824;-0.159582549933077;0.942597311421261;1.6314824977618;-0.913173468308925;0.044226634185175;-0.335212330531947;0.0729636076773767;0.314936640411283;-0.248705347819978;-0.472833470832968;0.407953893948142;0.551590651807875;1.44167671031188;-1.50971850422386;0.241067201251198;-0.744817317483186;0.393663854541825;-0.466752750919468;-0.607880625073281;-1.03672136362637;0.887482081051369;-0.131160661642893;-2.39820499483015;0.285382675380593;-1.97544419290096;0.0333100327436923;1.70856688044985;-0.208596447907079;0.802296002473975;-1.88806430669098;-0.705170239655995;-0.0886074311706608;-0.226123578288579;-1.40273649190107;-0.522307602216204;-1.02968929354112;0.610463163080976;0.612017993936898;-0.666864095244437;-0.400390131851897;0.420645457145425;-0.569228418981324
-1.07928315725058;0.110562306023521;1.59000066417603;0.643597779110403;1.03373746529609;-0.241867470574229;-0.248973146847101;1.1757556875763;-0.555752093114949;0.284517681071322;-1.18313650656967;1.11699087488655;-0.0273170421886476;-1.57283330281877;-0.0942781591816251;-0.243412831724921;-0.0429546337647772;0.543185468735048;0.0223092148326855;0.471395346464688;-0.919979755792762;1.26168228660727;1.34736520647721;-0.901811383322672;0.979644110547055;-0.285326377369994;1.54677519401303;-1.36023133864726;-0.76896761847363;0.0767222621140706;0.328125867634517;1.21216439673233;-1.31526340805444;0.377201925326537;1.93410828691874;0.565958593491634;-1.22285353529141;-0.802825086223858;0.0758888943014357;1.05675582315133;-0.782234085124122;-1.44248901264589;0.156856213916977;-0.603335514777897;-0.430246220305257;0.690326799373846;-0.438211932700546;1.47181988389094;0.757740056550951;0.00106481283065836;1.39909936276818;0.123643350671346;-1.59437325492684;0.612561143919828;-1.81832601927362;-1.59530566489147;-1.10044093984467;0.914778758187553;-0.700516092093117;-0.628898979494138;-0.155158726398229;1.6323605026144;0.319418375441188;-0.794736732445999;0.159490735194286;0.137089473917296;-2.59416085571551;0.44835442182865;-0.906881032411979;-0.321070001506129;2.19440268517282
-0.035044550710833;-0.795512426972283;-0.798540718881731;-3.08181946017366;-0.644758505518697;1.00132031877193;-0.349447326193085;0.394648371917288;-0.850513425448707;-0.760530924234939;0.45343434825007;-0.759529007688545;0.319611280516318;-0.195181439320661;-1.55516995766925;-0.218682159950909;-1.24422836404543;1.68397116506971;-0.146010381189249;-1.95675645453069;0.464648844627246;1.60958046815258;-0.358159839083355;0.622904311859286;0.802006141852786;-0.400123166372462;-0.560405704828384;-0.998379492274273;1.19333833845722;-1.81406018294289;0.444499498715342;1.3468898762121;-0.115777640175451;0.483350247280928;0.0886460408460749;-1.15466010707981;0.593025188869209;-0.525927562967561;0.264632932489349;-0.342016421700249;-0.75778917793284;1.28490709368908;0.18087471399182;-0.72953319784963;0.505851718837428;0.517206302345124;0.55840043468661;1.13337868914938;-0.291720875686032;-0.255678691731273;0.20773872324243;-1.2262834747118;0.535023942169084;1.09402470979716;-0.279508757984448;0.555198669104418;1.14841516161973;-0.0561055271092437;2.18724123941576;-1.39889033037342;1.08998650109183;1.51840572272015;1.07305397449451;0.400952911707648;0.123793257272584;-0.0688263716745534;-1.01154931027105;2.09669500793246;-1.72258379842363;-1.01923574910159;0.501284335647945
0.412216981043636;0.281765195871858;-0.487908796330332;0.617087844142986;1.51040012118005;-0.947605950543839;-0.584343278924389;1.00279980619675;2.4516808840518;1.54137963666369;0.886658516749588;-0.0533436726074951;-0.465915693323481;-1.75352182979971;0.100547584511786;-0.772595150882619;-2.08739540337121;-0.224775699000199;1.38281004900641;1.41786862724851;-2.29803031650465;-0.593387328481306;-0.483148198478866;0.166321613784317;-0.169575232229643;0.476713671462581;-0.4480611949528;-0.0832646252766318;0.353396147823171;-0.302874920815711;1.11015716675524;-0.818471764408833;-0.351689062424204;0.205675493951453;1.19305927725874;-1.11593404273306;-0.548744695180093;-2.11687955468351;1.16217113511394;-1.22902614297268;0.0479166836892803;-0.28710835345632;0.378702055199055;-0.47353889711295;-0.134244281870959;0.721531240844784;-0.19423383014243;-0.886782015500054;-1.01187944131193;0.0609950776362634;-0.959505835025779;-0.233432932136979;-0.538324112300043;-0.811490899576092;1.33745552323297;-1.23860717338653;-0.667014363186606;0.284699043903221;-0.476208873379644;-0.312221175675891;0.204121344822705;-0.121762141409549;-0.985125808004076;1.43870043924972;1.81706998621104;-0.0470231776531149;-0.902593402195774;0.869841019855349;1.16138462900579;2.27188881258848;1.35057365819483
-2.35544901030734;-0.0870382687739008;-0.715759470833794;-0.418762444069324;1.47197101195496;0.559282420175474;0.798795070448765;-0.26099820797323;-0.340365143606273;0.272993288047178;1.0423146802768;-0.348504498370782;-1.17139716720904;-1.16143821133131;0.66432476726774;0.379766625122013;-0.606765914633394;0.0246102028892727;-0.151534581464771;-2.51631526295409;-0.710376077488563;0.354605714344338;0.711698341543515;1.51604274400336;-1.28390437850508;0.923409303583579;-0.025937514548234;-0.637947262079;0.384167215446006;-0.640638990043586;-1.64482411535938;2.22540742077841;0.0239391445946536;1.43018967107319;1.53522266815078;-0.891345666770621;0.314426539729834;-0.252955193213782;0.230109861185364;-1.57332286469089;0.803014921151378;-1.13516478577184;-0.384956766509442;1.21902069469987;0.593570476779112;-0.964301165771846;0.843555163943815;-0.6296637501573;-0.934520575250011;0.432750560645841;0.329803262783692;0.441349495267452;-0.643415335017989;-1.72082727239071;-1.81685503802006;0.321087584585943;0.0815261852902931;0.998282748961553;1.77827771615475;-0.415874168425888;0.242012598204575;1.50803225898854;0.41267298034489;-0.52825495094539;-0.237269962344892;-0.652378533975283;0.818923220516312;-1.10573455005544;0.806446193205557;1.67896559830541;0.792228748418259
-0.0973317138382827;0.530897886494802;-0.752876462785133;-0.00510059445920745;0.791361270873519;1.26899311602008;0.51501824947558;-0.464519195411974;1.05722683339108;0.108659070691039;2.27105847322153;0.249400288802391;-0.582771522298148;1.09788824154862;-0.897437362695078;0.887584658470649;-0.139198261586763;1.80782339888568;-0.666755045028024;0.572759607575567;1.15664505065926;1.03174946897094;1.41833969601029;1.23655608979076;-2.1861522647604;1.10203087374098;0.976148976130496;-1.54325474513755;-0.0293737417632989;-0.354101981424113;-0.158098168139685;-0.426192896384521;1.57353513918861;-0.966807313864378;1.31410483253296;-0.426348986943886;-0.915395517459486;-2.28979825491236;0.242387858716181;-0.460703480208553;0.843369662475656;-1.60068170425927;-0.123972241209514;-0.933893597111726;0.713738673581296;0.485924929230794;-1.32163306264595;0.184220961812435;0.530915593940834;0.175201039638168;0.166956920161148;-1.48323070481857;0.294525779256619;-0.572276524018638;-0.759978847010234;0.572781702772796;-0.619509812106887;0.577507411882469;0.606017001203429;2.51415659974886;-0.805419442489111;-1.55239779547634;-1.07577499496376;-1.37846263795727;-0.673301946887278;-0.238456720094393;-1.06127577843858;0.0659925931864591;-0.22659324811737;-0.28013406306259;-0.872267320313665
0.642573242540092;-0.714920788858806;-1.54137195292691;-1.87487361799245;0.734004082763061;-1.43513200817582;-0.365379297838791;1.28996949053771;1.85705066943147;-0.629315792294747;-0.167193750527967;1.55325280538516;0.269568350386747;-0.0352236300988918;1.10040261929101;0.131989806212712;0.138868107509515;0.490423514568522;-0.304535658977433;-1.24954156425902;-0.619952982579227;-0.0330523944521768;-2.22814438217131;-1.74327043542032;-0.705355976493462;-0.985134284142277;-0.632835976088818;-0.218017397388638;0.366218308164291;0.594675756068228;-0.65736037632924;-0.612149794645646;-0.378155780626123;0.359176340375603;0.732924883110637;1.60502535460957;0.505068287526922;1.57898769057084;0.803946554025726;1.06862673563458;-0.0627529263019047;-0.14681645762927;-1.25086936365246;0.533004342890702;0.673052239932713;0.813050122854639;0.613583646522629;-0.862472717322446;0.9631373478404;1.56104939922683;-0.461226515607698;-1.05353129898631;0.236417574854329;0.170482005467723;1.21665641045975;-1.41804023890977;-2.02199121517817;-1.22910479162655;2.1476759736743;2.16634101993515;-1.39975580737349;0.664472434868274;-0.165610186428954;-0.706623873497024;0.454995456441763;-0.0524712158706835;-0.217850072021332;-0.43243027956686;0.230656221392952;0.22294885477066;0.12218915241578
0.146292449998683;0.13567082163914;-1.31967085805913;-0.486993468475866;0.34641391379506;0.504983045459812;2.20343018719238;-1.19639895114176;-0.829856604736131;0.49441997415218;-0.113098842566997;1.56257587710491;0.46218444608654;0.56828430716025;0.0339881495060594;-0.888088724786286;-1.51878315247482;0.797530072191682;-0.144906847070852;0.428774099378824;-1.42212905068039;-0.384746088141022;-0.327511560875561;-0.00825767832259374;0.0932531502382453;0.979985796330751;-0.743010847617863;-0.155043858173979;-0.467485857989634;-0.360788735719468;1.72445953391357;-0.295232203536181;0.105467377578928;0.559302401732479;0.132131996191419;0.420096740280491;0.679636964832166;3.0398051220404;1.43670599874413;-0.704880583969211;0.732075285378542;0.00272333466646642;0.840562045822141;1.02493920210193;-1.38516564742639;-0.143071607264851;0.0798396399176629;-1.60318012215701;-0.637320919872378;1.80136853079443;-1.26536222315301;-1.14644447494568;0.0754851371297827;1.23753345493723;0.55146395283452;0.0164305125533544;-2.03245417112693;-0.68978360857361;-0.545962861163717;-0.912346059614392;0.44139973626022;-2.03241556453345;-0.159847086003876;-1.48511591861016;1.50197608792632;-0.0913256665287245;1.84215199857735;-0.260462744883599;-0.723699288111398;-0.784755877160072;0.262256411018926
0.50541955555328;-0.778693510454842;-0.14506777670991;1.20330116997748;-1.40463089285749;0.284107170930112;-1.26986606025898;-0.559499685245521;0.429115125440529;-1.37266837735448;-2.04553620978174;0.695069755760941;-0.632114636493799;1.77120043949008;-0.555209688113332;-0.727455807352053;0.0958386986589041;-0.180917790309728;0.433585118804759;0.895566220448963;-1.16139978062012;-0.529805521715213;-1.63565180502306;1.94689511521702;1.00365250359946;1.49684689495588;0.247729782908774;-0.313242414769507;-0.757695413609464;1.17602637331093;0.276939043112551;-0.943112625297387;-1.50557341290244;-0.0646189664158276;-0.728908120066724;-0.262884488827407;0.0297847844917256;1.86276746652414;-0.220430425635827;0.310639252733836;-0.873721190980605;2.03437620450171;1.44924482557727;-0.149712893349515;0.826214104352296;-0.955281243060047;-1.03187974634859;1.38978570007833;1.72424863210613;-0.267443516562082;1.27957415980268;0.715021861231517;-1.02201027329377;-0.408625115475036;-0.535713140734677;0.509812479277278;-0.123787354433582;0.677885561316192;1.94973646739046;0.958209399867068;-0.359488529926274;-0.394376009146117;-0.798151190953504;-0.811143389243885;-0.724921379239177;-1.2093285006489;0.549117938728403;-0.0776822793342375;-1.64368817523683;-0.545046236777801;0.999271768410763
0.139306718616461;1.19640388453394;0.237836318771947;2.20573216637708;-1.54924840984539;0.545190713236597;-0.597839869678767;-0.596740054074533;-1.71901421625203;-0.423559172885679;-0.0336254451925942;0.00948248716160375;-0.399379529583657;-0.252912745751735;0.583457863491831;-0.96975301309523;0.565022202851724;0.994842959749542;0.239236102778924;0.814250246619814;0.114756932045398;0.980967564821375;0.56358060928009;0.765371729769595;1.47084335726106;-0.519458829193746;0.92666228502049;0.222247434621089;-0.149815988558332;1.83148895430304;1.821963177241;-0.680725484371796;0.900143517497902;0.35223783563978;-0.621591329597144;1.45029674216404;-1.13564849746515;0.438641412194581;0.799232243283615;-0.0261095990589534;-0.143848407777821;0.203312788844918;-0.663315861077352;0.934316270665711;0.00338345285732917;0.420219316644683;-0.690611046448266;-1.08586295583659;-2.69627432472961;-2.11928020665362;0.342195002141142;1.74816851201648;0.148435686623483;-1.20719764598984;-0.12471399945714;0.116340463275689;-0.851060993605522;-0.924514437138368;-0.252879254010322;1.65020983384324;0.432510750116558;-0.998103342203023;1.1359392202612;-1.40260204892521;-0.798013750868951;-1.46446559984713;0.887448231985275;-1.02000657881231;0.476465124362139;-1.07935179309919;-1.47061568188535
-0.985027769606821;0.0417979612854438;1.1248069046517;-1.03482201221178;0.683614676681102;-0.85222250155207;-0.165357688696071;-0.54066610475308;-0.569557378527609;0.0414694080678161;-1.07858885891161;-0.471488104554976;-1.57451465228594;0.636604157328513;0.347698196561372;0.52122265470224;-0.120035269826478;-0.312969839600355;0.077163521288465;2.88828969458521;-1.39829052138092;0.889937991532595;-1.40606752932939;-1.86432215891546;-1.57815095912007;-0.766264172760332;-0.221157859503031;-0.446218529205308;-0.601364739122384;-0.359986004648033;1.0254578246894;0.727218903658807;1.02574219482585;0.314393293716234;-0.0876292293036556;0.676169086748322;-0.357634933386955;1.30682439702197;1.86311569496542;-0.0582194477458577;0.983933688117382;-0.231707309288907;-1.29195875556829;0.127545837796597;1.44070692628248;-0.992950092679648;0.65809648367923;1.63286201522137;1.08702158407871;-0.26392360687311;0.247541247115682;0.513590321556081;0.271910611172854;1.91862020507081;0.772658929217953;0.969506271348011;1.86910170175954;-1.85015833253168;-0.221462866237131;-0.587363023999143;-1.00009149311297;-0.336171394308;-0.359454605611605;0.954362215529404;-0.714840881987239;-2.29454455790369;-0.736796870927766;0.197167316925591;-0.484865296164172;-0.222194260759578;0.602887695718972
0.396056165804808;0.43937421435502;0.620845234809284;-0.908966064358091;0.737023167617734;-0.182799260214107;1.09014976189967;1.54359346676364;-0.127862266578286;-0.696908796735717;-0.525705295543219;-1.95800450196987;0.653739711321797;-0.776193682217231;-1.12338525422454;-1.71965201056618;1.27907845372813;-1.42707135123765;0.158310944094063;1.81590011922523;-0.291773837106493;-1.19079268110765;1.44156084528781;-0.225833324665774;1.59385206832034;-1.18699677582992;-1.9723212495514;0.497239929547026;0.440047579661769;-0.635916219385213;-0.997306999995356;-0.312221408923967;-2.12341368914276;0.780048065247509;-0.553015051504786;1.0235473812009;0.0984417235014029;0.354701810431775;-0.507250423404457;0.617763238061074;0.714292451599584;0.52329708899612;-1.12909636073086;-0.686044602071259;0.229833545401869;-0.319340059566155;-1.78922210110425;0.806649233645338;-0.45453082914732;1.02703546089701;0.750935753382302;-0.471457396855879;0.376569346342446;-0.893852382534708;0.474565071007083;2.27968857741407;-0.00759695762668733;-0.098604582793679;1.76765614189375;0.308855167369274;1.15379914205787;-0.847633603568388;-0.102861164667367;1.97093563032353;-0.418185504273825;0.39253495799987;0.179357083690385;0.667176186774413;-1.51725276664029;-0.623301766604409;-0.402084497226161
0.676656639492677;-0.0920175909131054;0.0258405573895257;0.706096872636958;1.54784106849457;2.23552903637678;-0.82455635684134;0.73370290794451;-0.292106553079182;-0.147617550540383;0.284289551014469;-0.957649990634931;1.3021879753881;-0.713158919449788;1.21831610902049;0.597278107069803;0.732191391548481;1.42301247532125;0.733545447613709;1.85638654739492;-0.836955607478726;-0.979303937572499;-1.57730537878664;1.4955224016661;0.367330141169408;-0.253778417067301;0.514327933777866;-0.130794515959193;0.756453974232193;-1.32000857586587;0.571587849941129;-0.279960801285829;-1.54974185482548;-0.493165262451286;0.310870000022688;-1.03248797488006;-1.13779666658307;2.45744636387168;-0.271313432007916;-0.85001923102905;1.45998541474676;0.0218362878219746;-0.757450281999414;0.048088150478723;-1.13144325474074;0.963754522315798;0.175322744821355;0.886384523637226;-0.964080588286407;-0.644811926300859;-0.27828363760352;0.0922099713307622;1.17326500578901;-1.06816319799882;-0.592211883915334;-0.767801665573384;-0.224901406970075;-0.840571201480333;-1.80582875872982;0.728715231600098;-2.23800215929312;1.35515652459114;0.438064668221386;0.411481038459327;-1.08714835429388;-0.0654796662705321;-0.967136763707251;0.399629990309405;-1.2876143566575;0.844346826179399;-1.08398653061704
-0.418911778822731;-2.09150888939055;1.11732756831578;-0.614464299164992;-1.44844462777855;-0.819272077416217;0.804778797926252;-0.666893999858457;1.03424516354691;1.12507589154707;-1.16899117245245;-0.549846068040752;1.51984871749924;0.00677226310063768;0.912084366489914;0.113393517967753;0.351054535421444;1.36510342469814;0.341894371593827;-0.182419191325197;-1.10121643579114;-1.08509620063789;-1.17199615682645;0.068602071193722;-0.211744392272489;-0.412046840235416;0.191328915372962;-1.05171732084725;1.99330705351842;0.514509531140891;-1.4440519587343;-0.0714834401683892;-0.0158303520492816;2.04331596304038;1.9229231589129;1.11300124862002;-1.69045774907627;-0.346096847604044;0.125291453741007;0.971119432323454;-0.133732467213241;-0.399860248767865;-0.554377228275028;-0.102960108282351;2.80889964332063;0.796407491827461;-1.35863729053569;-0.622284198725786;0.735123738786981;0.0490449267921885;0.38639737369648;-0.362656076828282;-0.34629557462976;0.565876518732352;0.46357542858293;0.037539108195298;0.0106464757002485;-1.38962972973685;0.922736457814077;0.606469718981777;-0.349083122378897;-1.76257283487208;1.13516151183853;0.292051647300663;0.497387909052323;-0.243320979230295;0.357454748520343;-0.970746179319782;-2.29935256491021;0.0460335803907276;0.112214676695179
-1.43419177657811;0.221614860577268;-0.315018946061039;0.442731097585443;0.959238232005073;-0.054687610159826;0.729561464888782;-0.522083528048042;1.01070193043762;-0.0758197013502081;0.0966628945415593;-0.306750281045527;-2.15049808908058;-0.535939162469212;-0.93012257987349;0.372719124983337;0.155622850765585;-0.903723079325895;-0.0510082902601005;-2.43261030676756;0.26720349621292;0.467923624405896;-2.64659415657774;0.265010003903268;0.492294657376125;-0.636636443388198;1.16024344395083;0.110422550878633;0.701089472883576;0.091858205823335;-0.968690220122157;0.765200862139799;-0.391401025047261;1.74027655322608;0.429174533611808;0.370756964892587;-1.68799660546078;1.47188822294513;-0.0382541559274801;0.790285375054135;1.94072528286254;-0.0300438949431159;0.307005770603189;-2.47590446617727;0.146823842102716;-0.645081866388434;-1.79139485421067;-0.50765093637992;-0.052530604778145;-0.22666748470575;0.711221577814143;0.22156198351653;0.878889014499712;0.393888919965424;2.22464589871041;1.36936767966356;-0.541492216524945;-0.506436083492279;1.66648389447043;-0.000136428934080853;0.865714738120631;0.88620584709123;-0.505928371186225;0.162837940838024;1.22949815054741;-0.805937819003296;-0.380454623841684;-1.03015269915798;0.63208652097749;-0.00356327454814121;-1.16403590305709
-0.791460761357108;-2.0994150734276;-2.15967987490804;-0.784099077402916;0.395549304510922;-0.667158878044261;1.82843354136862;0.421016366190343;-0.26290606410282;0.640357831398788;-2.01317181950253;-1.02349971900973;-0.947390004823247;0.00155492741722064;-1.48946072652304;-1.24815886386775;-0.671680493289269;-1.01798953873981;-1.77967729280905;0.308665524584315;-0.30919414690474;-0.00873665371845099;-0.295249700781733;0.243868686554353;2.54211916884034;1.18842622959792;0.076440524623549;-0.64232835121868;-0.081381035307226;-0.0420837031118426;-0.348821541922517;0.105558423550994;2.08552198625134;0.639795908631999;-0.208141211808232;1.89750312994032;0.663317548257633;1.68092142659141;-1.1719481907218;-0.315376520055865;-0.234845601852406;0.483271740622588;-0.217892671622232;0.950564025682438;-1.82933759175695;-1.3423276028367;-0.452612049741749;0.15967643718917;0.754727380474797;0.554065917152505;-0.77261031789774;0.0904037586275379;1.44193178054556;0.315908847019115;1.2910201602134;-0.280687567190067;0.99347468804414;1.07002201655769;0.786416566165845;0.325481477121608;0.0468586550342373;0.0373911549845453;0.70578883339861;0.783204500637036;0.206680727844681;0.286513826338069;-0.674086109036242;1.09055847073824;0.168398555423188;0.288595731838966;-1.3665970246717
-1.57406955229485;-0.860550025230581;-0.0544427156007095;2.00988668557167;0.77970564493227;0.621368773988054;-0.247745006716698;-1.24660058252181;-1.38485044276296;0.185833899262314;0.971182284884441;1.03119484508266;-0.960052151584029;0.544172185049733;0.955463196720582;1.35392983214281;0.813753882062444;1.75599743646049;-0.555559752636128;-0.655822246468405;-2.28689373066157;0.508546383463653;0.587941128326844;0.478874776799927;0.523368201809123;0.246852722861425;-0.447928852144434;-2.26388788617344;-1.0347764019507;0.558168381481612;-0.648811957075551;0.298315443685611;1.468618818886;0.901843070183699;0.749686107900463;-0.406360671313257;-1.1627672218236;-0.0361872546442736;0.204607489302318;-0.0771678861731047;0.449025003882085;1.04838623115959;1.26066986688716;-0.829061581689357;0.43130835235627;-0.685926741711819;-0.811152751281138;1.0810086460443;0.454403233594636;-0.239100103329866;-1.07915839259907;-0.867373121068218;-0.53605037656177;-1.50504175866856;0.941064551824448;1.51469925686459;-0.596404619409109;1.18218544877644;-1.20400469375573;0.130650327847879;-0.424210481027032;1.84642899875635;-0.28107142427493;-2.13052372951603;1.25438804214042;-0.78713699664229;-0.166446436971862;-0.725358644263449;-1.12455971076473;0.771312027620667;-0.0177852773018904
-1.69189886692611;1.08717789567587;-0.0518739869988867;-0.139788055610668;1.09696344038703;0.294593673173185;0.612161495633923;0.256779067859852;1.2056345815245;-0.583502451547811;1.73267438459923;-0.0157864118360462;-0.536767451858722;-0.957016780441139;-0.623875583888631;-0.20060657259201;-0.401589775996115;0.613979392847649;0.194806150152077;3.36046930089205;0.342495351793764;0.202956682106454;-0.201274991044262;1.23470468157493;1.79265980834036;1.30565339954213;0.394471428059748;-0.41906656001578;-0.408178141800202;0.279842723824974;-0.73683757166281;-1.36212477691008;0.956820559459866;-0.285804669949261;1.09372036515007;1.10888113625087;-0.679678294719425;-1.37215082179665;-0.470614026543347;0.203129771664639;-0.303969585128653;0.101653508011248;-0.957738705879169;1.51539117437152;-0.435724148545573;0.0244717278782034;-0.36080606480056;-1.14406049908804;1.64359377088682;0.0209139844300176;-0.965205120509843;-0.364562883826823;1.24961342659764;-0.174178760671131;-0.645795177715841;-0.513262383282597;-0.450203569630447;-0.887383109412091;-1.26912236813367;-1.13892731404849;-0.661688290596852;-3.25106720365755;-0.434808493444461;0.268212849908973;-0.820550176730113;0.782699287776154;0.766539960056405;-1.35785202307093;1.104513033616;0.410405347402504;0.0167583088621362
0.862270699125264;-0.40650649755471;-0.918942926893056;-1.0234205811808;1.94058107861545;0.534140782365825;0.0862050868224429;-0.998060551171717;-0.359622118456724;-0.188830324194503;0.859071893517036;1.81214894660809;0.225007846255761;-0.0656723790649182;0.883496121151445;0.260732213487504;0.413342584639894;-1.00369102752094;1.61888883152567;1.0909184948754;-0.587867600822084;0.913067248015861;-0.88781440928311;0.395320507369069;-2.25611574419789;-0.534392520907786;0.680296591078804;0.839017760759244;2.68768185592949;-0.592768928038769;1.69805731156434;0.973165167134242;-1.16597350100846;-1.58247098988357;-0.575807050418313;-0.947572470737735;0.177899663620025;1.5895021173139;-0.366901289979888;-0.359905677729077;-0.561327350628868;-0.338340194457859;-0.139410801493103;-1.69246580779131;-0.138549968065587;0.364990712695795;-0.771723727215881;-2.38745577744363;1.54280487299387;-0.0759522073615599;-0.551926241521876;1.09492339468766;1.5726648772518;-1.28403550486469;-0.0269016290087355;0.981906529693007;-1.00150651370377;-0.118879817347704;0.580646818391659;0.342079176086048;-0.0863552642431677;-1.23503835414611;0.649584606194368;-0.606666012847537;0.00549791504014273;-0.20283380582422;0.533062352221403;-0.537666346737684;-1.3775497292711;-0.0912295949197992;-0.160822819092277
-1.82814244331594;0.0512720784480812;-1.51283794291488;-0.157877142843578;-0.928558799295018;-0.235167727799259;0.929906506908164;-1.18259381382327;-0.355294269981127;-0.293194589078656;0.52978128455814;-1.16887548499358;-0.44615498789547;-1.38158096154093;-1.73570671458455;-0.43583515111643;0.410580103827693;0.717145620833082;0.886744437046768;-0.658437543408704;-0.0946492651522981;-0.692243004238383;0.886486987827781;2.40496052608906;0.0778203104947231;-0.114557224611645;-0.396596313192382;-0.969612700111918;-0.392677952391756;-0.676794643390978;1.41313173670192;-2.21339753016719;0.0290959479966621;-0.194801653108537;0.897456901277891;0.180388491759305;1.43455581802789;1.03146381355561;-1.91232050392121;-1.20527799779543;0.861701202241383;-1.0845431064754;-0.0628390536030107;-0.145385187116076;-1.74195643033308;1.90053288250406;-0.615865322176307;1.11815859757166;1.3638052979609;0.816917811811115;0.0381736921986202;-0.0381492444223971;0.0519916045029249;1.19935404979189;0.596490560281137;-0.751484059710034;0.303686556652161;0.790543416270239;0.556663854218402;0.403529671354211;-0.369300133717566;-0.770959440457845;1.46897892124819;1.3142515087944;2.54583827848025;-0.338624621906342;0.726349249722819;-0.10907415883418;-0.190508210707843;-0.0882392031640115;-0.447643187659918
-0.964671479487575;-0.232612197893055;-0.648316120597755;1.07472564569454;0.359777796328906;-1.26283524610149;-0.511258353376459;-1.23153412891739;-0.225659873671971;0.499573860938198;-1.71989105440271;-1.01783184132846;-0.0536360023953414;-0.613184207784789;0.879943076204937;-1.30882052596615;1.45472845170075;-0.717342786980605;-0.429220544421786;-0.429686335928272;-0.700390848217499;-0.151383164732858;0.130200572103599;1.35055331929715;-1.44086803200043;0.760856254684817;0.119660624802987;-0.548593550935026;0.989034971987945;-0.5226495461487;-0.567266108871646;0.81476325996409;0.812304508206076;-0.530407058283427;0.491135875023622;4.00599459808514;0.104870310332757;0.977656946431171;-0.211589833010123;-0.216431980353608;-0.393570106795935;0.0949114402190999;0.0557331695286625;2.09535668345518;-1.05040850991134;0.411685110025668;-0.264893536382601;1.01770244981017;-1.49832702563917;-0.746744218902196;-0.645785193415446;-1.87724270637006;0.516047201712321;-0.743103341800577;0.300539313847104;-0.368115649110346;-0.707279838242088;0.249965456993867;-0.121283702342953;-0.958968154765922;-0.0624143278598117;1.66958477491921;-0.0832772532751611;-1.79201719834295;0.831917793268547;0.465020009016521;1.41036791979964;1.09095608642979;0.36077564831539;1.32814469508593;0.845023760749895
0.014513993494383;-0.412077018523294;0.238731887504723;-1.19895384311609;-1.5287081277759;-0.45846583247789;-1.54801303329359;-0.919131891739997;0.547621458841723;-0.83168836466853;0.189811772993669;-1.13192361077891;1.42809550977445;1.39757244439031;-0.903162745621423;2.18805708042303;-1.44898350834332;1.37363548250053;1.50992871363981;-0.86837873109464;-1.26603834134204;0.320419276807144;-0.724078593613622;0.339379432564673;0.851907469285878;1.6139649946026;0.205329846833473;1.21392865657788;0.338650224485379;-0.808221643313079;-1.16305036149765;-1.57333875048189;-0.0750633946553302;-0.386688952865458;-0.352972768736597;-0.276822474682446;-0.636655299481306;1.4287845088492;-0.519950902388565;-1.99073263632291;0.278166950324766;0.679739447534395;-1.17581610642337;-1.03856969623482;-0.537294959907167;0.971122664197755;0.321589820034348;-0.0371776067692132;1.44772466983865;-0.532776379912818;1.09954653427605;0.31872584679674;-0.428840115701089;0.512575031270069;0.270523642232433;-0.109032087490851;-0.210510402113123;-0.12375511730905;-0.903663281014208;-1.159362419061;0.994661820911606;-0.249981686137811;-1.23651257109924;1.05015139283213;-0.124944909749633;0.840540124024862;2.4461129408649;1.37044901221324;1.16401369699186;0.797384124494847;-0.872022306669632
0.530202244796271;-0.293116433933207;1.34268204257461;-0.3204842186272;-0.976864635129946;0.73250287064059;2.15860289213634;0.627055642872907;-0.911364566670711;-0.247807389560924;0.447863887379983;-1.00619208392224;-0.653276413269056;0.537097691010329;-0.164819523815765;0.446503013050379;-0.897865203132676;-0.748474927861783;1.12395583624616;1.24486482755572;1.42579688477538;0.593139569362069;-0.979398969203603;-1.45982935052755;-0.288496494886181;-1.11602911631209;0.139386338331512;-0.993550162538456;0.603856251847482;-1.7915004091473;-0.526389716070711;0.834628436000918;-1.70821134540552;0.485302614343096;0.688331301616947;-0.467936075694237;-0.551907952322259;2.2005915725651;1.18463851261722;-1.21735217543127;-1.12338533947086;1.67615991798114;-1.02570291079479;0.476758552616817;-0.861665376179311;0.456559790056291;-1.46973706450108;-0.213326338602454;0.188902956893373;-0.259904627027632;-1.53151721353539;-0.467180465950448;-0.138704092422923;2.04998956113616;1.46963706535994;1.05024487833208;0.711741367481697;0.884765530884426;0.502290144682807;-0.22708603278897;0.352818710437245;1.88095164969932;1.21580782652527;-0.814353656676827;-0.719886351664168;-0.548647524914395;-0.69313653777223;-1.29554705462588;-0.887261364713881;0.249280822400985;-0.915002089106645
0.085354638254041;-2.04350396979821;-0.566477254731083;0.335446017018204;0.020545635669103;0.56322716908823;-0.412651617656703;-0.891031284937202;1.10501529072467;0.336434862988855;-0.523293010281799;-1.34963412945857;-0.616931634805906;-0.244282569445194;-0.124634385948524;-0.572636917328894;2.50916038463054;0.763911561255295;1.59568866081419;-0.733005798565651;-0.57037648893632;-0.746127139106851;2.27602174714943;-0.0958660150166886;-1.73417221179535;1.3844237812468;1.69448634658961;-0.0666157889046509;0.78482131864807;1.61878225127386;-0.315510646598624;-0.183252942396806;0.90385649544006;-0.0231080567241079;1.18208625312854;0.490758300287286;0.0301181538524125;-0.215293387009351;-0.70806236030688;-0.538366045281838;0.186547225885661;-1.13144330195435;-0.144168859783424;-0.95130369221782;-0.950951307218801;-0.544050854787856;0.559824121017924;0.0769254296732991;-0.34303591503286;-0.416331597184038;-0.409307392171648;-1.38502077027428;1.70432364106282;0.671423866149387;-1.08513076578839;0.212905119634447;0.450041080259851;0.802352998066963;2.01807467815585;-1.60195945394545;0.137864353285755;-1.75482508551032;-0.604406453721291;0.417417399785384;-0.372722983612704;2.49181085148864;-0.336613754617797;-0.584932340588456;-1.2990841805278;-0.244803323995216;0.0252760554425337
-0.969454055084662;0.334602302851256;-1.30242886414273;-0.641424452661833;-0.472480645981378;-0.551795262745157;0.430904025678223;-0.557745796201071;2.01404818764997;1.3004222282667;-1.78348144985722;-0.659086359305019;-1.92562632910389;-0.882007895064109;0.769805789843493;-0.876419105849545;0.491354470054941;0.521147291301217;0.0520642380144717;0.137419907496515;0.992421738371728;0.425910778902182;0.0292894416571538;1.13602486263908;-1.48484448660546;0.783565085147992;-1.74654923591654;-1.61682394038906;0.110227303908441;-1.2024899969853;1.53941201813912;-0.100603272681327;-0.18617627842164;1.53571640961342;1.08592327663741;-0.577901063551119;-0.102187476796933;-0.146784705395726;-0.0566916781810866;1.7614778105384;0.501876232192623;0.439431286444105;0.453716083043461;-0.753257613847447;0.138964878861423;-0.799099870578236;-1.85325526894017;0.281984021603225;0.85030154190509;-1.27379330171214;0.441186718908625;0.071804813787879;0.767730719088028;-0.654112773422317;2.43018057480667;0.4347833769017;1.34368575460871;-1.58345485185789;0.663624576306924;-0.918246312343421;0.819063509772794;-0.625926785239597;-1.17956372161557;1.19420006795042;0.306898987288937;-0.53720487511357;0.634283474338922;1.13991606066776;0.794376105367683;-1.39418476636207;0.255356541396517
-0.704222377722146;0.822665340728564;0.16234201165192;1.10490370365114;0.873910448276034;0.0485624599608101;-0.0784242901606686;-0.264892469951487;0.946807598590427;-0.112290883592471;-0.834210728630635;0.553520022449407;-1.69946607425683;0.231543736571068;1.31886698071691;-0.424939159055395;0.326756256480396;-1.66169410038404;1.35432468807194;0.141449933515803;0.454713723301022;0.276511131442295;-0.635190248690956;-1.52258827999854;-0.187948912661021;0.503690583026916;0.346633538067461;0.235586583946503;0.26175071248935;1.68047209962835;0.807473107926137;3.32046881475996;-1.40218757391933;-0.554163480415283;1.65252873299023;0.541768570962227;1.06362630058601;0.80149885619953;-0.910843720920926;1.47722836215187;-1.51541261249962;-1.11761032925208;-1.11130483925912;-0.769155080875116;1.11230118763356;-0.230938446539739;-0.543649337113244;0.0608037216594905;-1.91331608771845;0.75117211413174;0.907314446672306;0.545543978338705;0.0961114053424311;-0.726942078623918;-0.228387810506187;0.932784392328571;-0.886251534101684;0.265950863600475;0.767758191433246;-1.09351824589915;0.118050585726215;-0.495042400844128;-1.65632954441638;-1.09537571698755;-1.33666571572659;0.698451984166642;-0.176550727125798;-2.16724219558155;-0.345689793644553;0.283928883487546;0.552668744411377
